City_ID,City,Lat,Lng,Max Temp,Humidity,Cloudiness,Wind Speed,Country,Date
0,kiunga,-6.1219,141.2906,24.46,82,93,1.84,PG,1691065263
1,olonkinbyen,70.9221,-8.7187,2.91,93,49,5.82,SJ,1691065265
2,san patricio,28.017,-97.5169,28.91,84,1,1.65,US,1691065266
3,margaret river,-33.95,115.0667,11.05,68,100,2.49,AU,1691065267
4,port elizabeth,-33.918,25.5701,27.83,34,14,5.78,ZA,1691065268
5,lihue,21.9789,-159.3672,26.77,78,40,6.17,US,1691065270
6,fort mcmurray,56.7268,-111.381,13.77,100,100,1.03,CA,1691065271
7,santa elena de uairen,4.6167,-61.1333,21.98,81,57,0.66,VE,1691065272
8,puerto natales,-51.7236,-72.4875,4.34,93,100,10.07,CL,1691064981
9,kodiak,57.79,-152.4072,11.73,94,100,1.54,US,1691065274
10,hadibu,12.65,54.0333,29.54,56,36,11.64,YE,1691065276
11,grytviken,-54.2811,-36.5092,-1.31,97,100,2.13,GS,1691065277
12,flying fish cove,-10.4217,105.6791,24.82,94,100,7.72,CX,1691065278
13,colonia,50.9333,6.95,22.2,73,75,10.29,DE,1691065279
14,port-aux-francais,-49.35,70.2167,3.51,94,89,14.33,TF,1691065280
15,rosa zarate,0.3333,-79.4667,23.05,97,91,0.73,EC,1691065281
16,petropavlovsk-kamchatsky,53.0452,158.6483,11.33,100,20,2.0,RU,1691065282
17,avarua,-21.2078,-159.775,23.03,100,100,3.09,CK,1691065283
18,georgetown,5.4112,100.3354,29.99,75,20,3.6,MY,1691065027
19,bilibino,68.0546,166.4372,9.31,95,100,1.27,RU,1691065284
20,grande prairie,55.1667,-118.8027,11.1,100,75,3.09,CA,1691065286
21,kingston,17.997,-76.7936,29.53,81,20,2.57,JM,1691065256
22,arkalyk,50.2486,66.9114,30.76,26,57,5.18,KZ,1691065288
23,udachny,66.4167,112.4,8.03,87,99,4.89,RU,1691065289
24,anadyr,64.75,177.4833,12.28,82,75,6.0,RU,1691065291
25,chibougamau,49.9168,-74.3659,13.79,94,100,7.72,CA,1691065292
26,levuka,50.1834,-105.4011,12.9,88,20,3.6,CA,1691065294
27,imbituba,-28.24,-48.6703,20.28,63,0,2.15,BR,1691065295
28,waitangi,-43.9535,-176.5597,8.23,96,100,2.24,NZ,1691065296
29,loukhi,66.0764,33.0381,22.57,66,30,3.3,RU,1691065297
30,cherdyn',60.403,56.4787,26.9,41,44,1.74,RU,1691065298
31,kulpahar,25.3167,79.65,31.44,65,96,5.09,IN,1691065263
32,edinburgh of the seven seas,-37.0676,-12.3116,13.62,80,65,11.93,SH,1691065300
33,invercargill,-46.4,168.35,8.34,85,61,2.68,NZ,1691065004
34,salekhard,66.53,66.6019,27.22,46,3,5.94,RU,1691065303
35,qaqortoq,60.7167,-46.0333,8.7,73,80,1.65,GL,1691065304
36,adamstown,-25.066,-130.1015,21.32,81,91,10.11,PN,1691065305
37,port mathurin,-19.6833,63.4167,23.47,78,73,7.52,MU,1691065306
38,jamestown,42.097,-79.2353,20.77,94,0,2.57,US,1691065307
39,meulaboh,4.1363,96.1285,27.15,77,83,1.67,ID,1691065308
40,jumla,29.2747,82.1838,21.1,86,98,1.59,NP,1691065309
41,klyuchi,52.2667,79.1667,27.31,39,99,2.69,RU,1691065310
42,murun-kuren,49.6342,100.1625,18.76,75,89,1.1,MN,1691065250
43,eyl,7.9803,49.8164,34.23,36,96,12.76,SO,1691065312
44,punta arenas,-53.15,-70.9167,4.16,90,100,13.37,CL,1691065314
45,soanierana ivongo,-16.9167,49.5833,22.39,90,85,6.7,MG,1691065315
46,mont-laurier,46.5501,-75.4993,16.79,99,100,3.78,CA,1691065316
47,hawaiian paradise park,19.5933,-154.9731,21.69,91,40,2.06,US,1691065317
48,nyurba,63.2842,118.3319,15.52,77,96,4.31,RU,1691065318
49,mount gambier,-37.8333,140.7667,17.85,43,86,6.59,AU,1691065186
50,egilsstadir,65.2653,-14.3948,13.95,58,20,1.03,IS,1691065320
51,micheweni,-4.9667,39.8333,26.34,68,100,8.04,TZ,1691065322
52,talnakh,69.4865,88.3972,25.72,20,20,1.18,RU,1691065261
53,balcarce,-37.8462,-58.2552,3.23,82,3,0.89,AR,1691065324
54,college,64.8569,-147.8028,17.11,78,75,2.06,US,1691065325
55,dryden,49.7833,-92.7503,14.16,94,40,1.54,CA,1691065326
56,bodo,67.28,14.405,16.92,82,75,2.06,NO,1691065328
57,beitbridge,-22.2167,30.0,21.91,27,3,5.73,ZW,1691065273
58,bartica,6.4,-58.6167,26.18,90,76,0.57,GY,1691065329
59,ukhta,63.5671,53.6835,27.49,38,91,1.98,RU,1691065331
60,hawera,-39.5917,174.2833,4.04,69,1,2.49,NZ,1691065332
61,puerto ayora,-0.7393,-90.3518,23.64,93,22,3.51,EC,1691065333
62,lompoc,34.6391,-120.4579,14.88,85,100,9.39,US,1691065334
63,bethel,41.3712,-73.414,20.42,77,0,1.54,US,1691065336
64,bredasdorp,-34.5322,20.0403,23.25,42,39,2.61,ZA,1691065338
65,amga,60.8953,131.9608,16.0,67,100,1.07,RU,1691065339
66,arkadelphia,34.1209,-93.0538,28.54,89,0,0.0,US,1691065340
67,tura,25.5198,90.2201,25.69,94,100,2.14,IN,1691065341
68,turkmenbasy,40.0222,52.9552,31.43,37,75,6.17,TM,1691065342
69,woolgoolga,-30.1106,153.2007,13.36,73,12,0.8,AU,1691065343
70,el porvenir,13.7617,-87.3458,21.38,90,96,2.25,HN,1691065344
71,naama,33.2667,-0.3167,32.63,10,0,1.64,DZ,1691065346
72,vila velha,-20.3297,-40.2925,22.75,77,0,1.54,BR,1691065347
73,albany,42.6001,-73.9662,18.74,81,94,1.98,US,1691065348
74,longyearbyen,78.2186,15.6401,12.91,67,0,1.54,SJ,1691065350
75,iqaluit,63.7506,-68.5145,5.85,87,75,2.06,CA,1691065143
76,west memphis,35.1465,-90.1845,27.41,83,0,1.54,US,1691065094
77,northam,51.0333,-4.2167,17.56,85,100,7.78,GB,1691065353
78,wailua homesteads,22.0669,-159.378,26.44,83,40,6.17,US,1691065354
79,ushuaia,-54.8,-68.3,2.81,87,100,5.66,AR,1691065355
80,greymouth,-42.4667,171.2,4.26,80,0,2.0,NZ,1691065356
81,baker city,44.7749,-117.8344,19.25,68,0,2.06,US,1691065358
82,arraial do cabo,-22.9661,-42.0278,21.92,73,0,5.14,BR,1691065359
83,happy valley-goose bay,53.3168,-60.3315,15.17,82,75,3.09,CA,1691065360
84,natal,-5.795,-35.2094,24.36,100,75,5.66,BR,1691065361
85,tiksi,71.6872,128.8694,3.54,98,100,6.23,RU,1691065362
86,prado,-17.3411,-39.2208,23.41,69,6,1.46,BR,1691065363
87,enriquillo,17.9,-71.2333,25.82,59,96,2.01,DO,1691065365
88,kamloops,50.6665,-120.3192,14.55,69,0,2.06,CA,1691065366
89,pechora,65.1472,57.2244,29.28,35,7,1.36,RU,1691065367
90,west island,-12.1568,96.8225,24.99,73,40,9.77,CC,1691065368
91,afaahiti,-17.75,-149.2833,21.93,77,40,5.46,PF,1691065369
92,shiyan,32.6475,110.7781,28.01,69,69,1.07,CN,1691065370
93,kuala belait,4.5833,114.1833,26.09,77,91,1.02,BN,1691065371
94,khulm,36.6974,67.6983,40.33,11,0,4.2,AF,1691065373
95,olenino,56.2092,33.4889,26.02,54,62,4.48,RU,1691065374
96,ambikapur,23.1167,83.2,25.66,88,98,4.05,IN,1691065090
97,darwin,-12.4611,130.8418,24.99,69,0,1.54,AU,1691065216
98,utrik,11.2278,169.8474,28.35,78,57,7.58,MH,1691065378
99,kostomuksha,64.571,30.5767,17.03,93,100,3.01,RU,1691065379
100,coquimbo,-29.9533,-71.3436,13.85,94,100,1.03,CL,1691065381
101,port alfred,-33.5906,26.891,24.91,38,5,5.74,ZA,1691065383
102,san marcos,33.1434,-117.1661,19.72,87,100,2.06,US,1691065383
103,blackmans bay,-43.0167,147.3167,13.07,72,100,2.38,AU,1691065384
104,susuman,62.7833,148.1667,8.76,71,77,2.31,RU,1691065387
105,az zawr,29.4425,48.2747,43.34,38,0,2.88,KW,1691065388
106,puerto madryn,-42.7692,-65.0385,5.39,40,0,6.55,AR,1691065389
107,alice springs,-23.7,133.8833,17.75,45,40,0.51,AU,1691065390
108,whitehorse,60.7161,-135.0538,11.43,78,20,1.03,CA,1691065391
109,yellowknife,62.456,-114.3525,12.29,100,40,1.03,CA,1691065392
110,south hedland,-20.4089,118.5983,21.96,88,4,2.57,AU,1691065393
111,bafoulabe,13.8065,-10.8321,31.45,59,99,2.67,ML,1691065394
112,cabedelo,-6.9811,-34.8339,25.37,72,71,7.89,BR,1691065395
113,ponta delgada,37.7333,-25.6667,25.4,78,20,6.17,PT,1691065396
114,sevlievo,43.0258,25.1136,38.34,25,1,1.32,BG,1691065397
115,wongsorejo,-7.9908,114.4009,25.1,85,20,4.54,ID,1691065194
116,narrabri,-30.3167,149.7833,12.04,61,22,1.71,AU,1691065165
117,badger,64.8,-147.5333,17.06,82,75,2.06,US,1691065400
118,palu,-0.8917,119.8707,25.74,94,94,0.78,ID,1691065403
119,dudinka,69.4058,86.1778,20.83,41,45,8.22,RU,1691065404
120,isafjordur,66.0755,-23.124,11.02,71,100,2.06,IS,1691065405
121,cockburn town,21.4612,-71.1419,28.55,73,100,4.81,TC,1691065407
122,olyokminsk,60.3736,120.4264,19.18,49,1,1.94,RU,1691065408
123,akureyri,65.6835,-18.0878,9.96,76,75,3.6,IS,1691065189
124,bijawar,24.6333,79.5,26.16,91,100,7.32,IN,1691065410
125,port hedland,-20.3167,118.5667,22.03,88,2,2.57,AU,1691065411
126,thompson,55.7435,-97.8558,13.09,100,0,1.03,CA,1691065412
127,holmsund,63.706,20.3641,19.97,64,20,4.63,SE,1691065413
128,saudarkrokur,65.7461,-19.6394,12.52,65,38,2.26,IS,1691065414
129,tolanaro,-25.0319,46.9987,21.04,56,75,6.17,MG,1691065416
130,bikenibeu village,1.3673,173.1241,27.98,78,20,0.0,KI,1691065417
131,port lincoln,-34.7333,135.8667,18.78,64,100,8.61,AU,1691065356
132,ribeira grande,38.5167,-28.7,26.22,65,20,6.69,PT,1691065147
133,labrador city,52.9463,-66.9114,11.95,87,75,2.06,CA,1691065420
134,tapejara,-28.0681,-52.0139,15.21,80,1,1.08,BR,1691065421
135,sisimiut,66.9395,-53.6735,7.13,80,100,1.41,GL,1691065424
136,ola,59.5833,151.2833,16.19,84,100,2.36,RU,1691065425
137,lerwick,60.1545,-1.1494,15.0,88,100,7.23,GB,1691065426
138,papatowai,-46.5619,169.4708,7.3,87,50,4.45,NZ,1691065427
139,la ronge,55.1001,-105.2842,11.14,100,75,1.03,CA,1691065428
140,suntar,62.1444,117.6319,19.57,54,21,2.21,RU,1691065429
141,mata-utu,-13.2816,-176.1745,27.65,77,19,6.43,WF,1691065430
142,st. john's,47.5649,-52.7093,20.08,75,75,5.14,CA,1691065431
143,acapulco de juarez,16.8634,-99.8901,23.9,94,75,2.57,MX,1691065432
144,glazunovka,52.4986,36.3275,27.61,51,3,3.13,RU,1691065434
145,turkeli,41.9476,34.3386,26.64,62,10,2.96,TR,1691065435
146,gorontalo,0.5412,123.0595,25.11,89,18,1.57,ID,1691065239
147,veinticinco de mayo,-35.4323,-60.1727,6.1,76,13,1.79,AR,1691065437
148,monchique,37.3177,-8.5553,26.99,27,0,6.11,PT,1691065439
149,salaqi,40.5414,110.5108,21.81,84,97,4.86,CN,1691065163
150,nova sintra,14.8667,-24.7167,22.51,78,93,3.86,CV,1691065441
151,ternate,0.8,127.4,27.35,81,10,2.43,ID,1691065441
152,carnarvon,-24.8667,113.6333,17.44,56,40,6.93,AU,1691065231
153,charters towers,-20.1,146.2667,15.96,70,40,4.07,AU,1691065444
154,mili,6.0815,171.735,27.79,79,72,3.95,MH,1691065445
155,hermanus,-34.4187,19.2345,20.55,50,12,0.64,ZA,1691065446
156,parauapebas,-6.0675,-49.9022,29.99,65,0,1.03,BR,1691065448
157,khanty-mansiysk,61.0042,69.0019,21.06,94,20,0.0,RU,1691065448
158,forbes,-33.3833,148.0167,13.29,77,45,3.83,AU,1691065159
159,crane,31.3974,-102.3501,25.24,57,83,6.54,US,1691065450
160,kutum,14.2,24.6667,30.61,38,74,3.68,SD,1691065452
161,usogorsk,63.4106,48.6872,26.49,44,29,2.22,RU,1691065453
162,tsiombe,-25.3,45.4833,21.46,50,16,8.33,MG,1691065454
163,papao,-17.75,-149.55,22.82,76,5,5.84,PF,1691065455
164,naryn,41.4287,75.9911,26.76,22,7,3.08,KG,1691065456
165,sitka,57.0531,-135.33,13.94,88,40,0.0,US,1691065457
166,brookings,44.3114,-96.7984,19.65,98,40,0.0,US,1691065458
167,ilulissat,69.2167,-51.1,8.01,81,75,2.06,GL,1691065459
168,tashla,51.7716,52.7427,30.3,30,95,4.08,RU,1691065461
169,vorgashor,67.5833,63.95,27.95,47,2,2.08,RU,1691065462
170,noumea,-22.2763,166.4572,21.11,99,100,6.14,NC,1691065463
171,saint-pierre,-21.3393,55.4781,24.76,73,75,9.77,RE,1691065464
172,ta`u,-14.2336,-169.5144,27.35,71,17,5.53,AS,1691065465
173,kapuskasing,49.4169,-82.4331,15.05,94,40,3.09,CA,1691065466
174,vila franca do campo,37.7167,-25.4333,25.23,75,47,2.79,PT,1691065467
175,pangody,65.85,74.4859,29.69,38,1,6.17,RU,1691065468
176,rolante,-29.6506,-50.5758,20.92,89,28,0.85,BR,1691065469
177,gamay,12.3854,125.2979,27.11,82,96,2.19,PH,1691065471
178,gangapur,26.4833,76.7167,31.96,63,98,2.57,IN,1691065472
179,zyryanovsk,49.7386,84.2719,28.78,38,33,2.69,KZ,1691065473
180,toliara,-23.35,43.6667,27.37,46,0,5.99,MG,1691065474
181,villa gesell,-37.2639,-56.973,7.25,65,6,3.13,AR,1691065475
182,revda,56.801,59.9303,21.01,73,96,2.01,RU,1691065476
183,touros,-5.1989,-35.4608,28.01,64,24,7.54,BR,1691065477
184,carutapera,-1.195,-46.02,28.01,75,22,3.45,BR,1691065478
185,broken hill,-31.95,141.4333,16.08,44,11,5.37,AU,1691065479
186,queenstown,-31.8976,26.8753,18.3,26,0,7.73,ZA,1691065206
187,polyarnyy,69.1989,33.4478,23.85,53,17,6.86,RU,1691065481
188,karnobat,42.65,26.9833,30.91,24,0,3.01,BG,1691065482
189,krasnyy chikoy,50.3643,108.7512,14.78,98,100,1.42,RU,1691065483
190,nemuro,43.3236,145.575,18.56,95,100,7.44,JP,1691065485
191,santa ana,33.7456,-117.8678,20.58,86,100,1.54,US,1691065486
192,guerrero negro,27.9769,-114.0611,19.39,89,0,4.5,MX,1691065487
193,lebu,-37.6167,-73.65,5.96,69,71,8.55,CL,1691065489
194,dunedin,-45.8742,170.5036,7.11,89,13,2.93,NZ,1691065368
195,saint-philippe,-21.3585,55.7679,23.77,84,49,6.36,RE,1691065490
196,geraldton,-28.7667,114.6,8.23,87,2,3.09,AU,1691065491
197,lubumbashi,-11.6609,27.4794,25.25,30,0,2.77,CD,1691065493
198,stanley,54.868,-1.6985,17.08,77,75,3.6,GB,1691065494
199,borovskoy,53.8,64.15,24.14,59,57,5.65,KZ,1691065495
200,sandnessjoen,66.0217,12.6316,17.29,94,75,7.72,NO,1691065497
201,kone,-21.0595,164.8658,18.02,86,100,2.42,NC,1691065498
202,rio grande,-32.035,-52.0986,15.06,76,93,5.47,BR,1691065499
203,phan rang-thap cham,11.5667,108.9833,27.14,84,98,6.5,VN,1691065235
204,road town,18.4167,-64.6167,29.05,74,40,5.14,VG,1691065502
205,buchanan,5.8808,-10.0467,26.52,81,99,5.38,LR,1691065504
206,nova vicosa,-17.8919,-39.3719,22.91,71,2,1.56,BR,1691065505
207,oban,56.4127,-5.4706,17.43,77,40,8.23,GB,1691065506
208,okha,53.5739,142.9478,12.7,88,96,5.83,RU,1691065508
209,nangomba,-10.9,38.5,30.63,25,63,3.36,TZ,1691065267
210,corner brook,48.9667,-57.9484,19.09,62,17,3.5,CA,1691065510
211,barra de santo antonio,-9.4047,-35.5072,25.6,75,89,5.52,BR,1691065511
212,priozersk,61.0393,30.1291,22.19,97,90,3.89,RU,1691065513
213,piacabucu,-10.4056,-36.4344,25.46,72,78,5.55,BR,1691065514
214,aasiaat,68.7098,-52.8699,1.23,95,100,2.87,GL,1691065515
215,calvi,42.5,8.8333,29.35,45,0,8.23,FR,1691065517
216,ghat,24.9647,10.1728,40.61,10,0,5.32,LY,1691065519
217,elliot lake,46.3834,-82.6331,16.89,95,30,2.28,CA,1691065520
218,san clemente del tuyu,-36.3569,-56.7235,3.32,67,8,3.09,AR,1691065521
219,chinde,26.8418,88.0763,21.79,90,98,2.27,NP,1691065522
220,dalandzadgad,43.5708,104.425,26.28,36,84,3.67,MN,1691065523
221,atafu village,-8.5421,-172.5159,27.79,77,74,5.07,TK,1691065524
222,valparaiso,-33.0393,-71.6273,9.8,93,100,1.54,CL,1691065525
223,al jawf,29.5,38.75,38.83,12,0,2.08,SA,1691065526
224,ca mau,9.1769,105.15,27.05,84,92,2.67,VN,1691065410
225,magadan,59.5667,150.8,15.85,85,100,1.31,RU,1691065313
226,byron bay,-28.65,153.6167,14.28,76,63,3.14,AU,1691065529
227,hasaki,35.7333,140.8333,27.95,88,54,6.04,JP,1691065530
228,manokwari,-0.8667,134.0833,26.37,81,79,2.22,ID,1691065531
229,liaozhong,41.5061,122.7242,28.21,74,85,8.86,CN,1691065532
230,la passe,45.5549,-0.8967,21.13,71,36,9.83,FR,1691065534
231,hirara,24.8,125.2833,27.15,94,75,18.01,JP,1691065238
232,maun,-19.9833,23.4167,23.98,35,0,3.09,BW,1691065535
233,enewetak,11.3474,162.3373,28.72,77,82,5.63,MH,1691065537
234,yung shue wan,22.2333,114.1167,32.54,83,60,0.45,HK,1691065537
235,lhasa,29.65,91.1,21.2,55,100,1.36,CN,1691065538
236,ciudad acuna,29.3232,-100.9522,28.16,68,0,4.12,MX,1691065540
237,santa cruz,-17.8,-63.1667,24.03,64,0,5.14,BO,1691065541
238,jorpeland,59.0225,6.0408,20.58,73,51,3.82,NO,1691065542
239,severobaykal'sk,55.65,109.3167,13.23,97,69,1.4,RU,1691065543
240,saldanha,-33.0117,17.9442,27.03,48,2,8.84,ZA,1691065544
241,nagqu,31.5,92.0,13.99,65,100,2.78,CN,1691065545
242,lins,-21.6786,-49.7425,22.33,37,0,2.11,BR,1691065546
243,tibu,8.639,-72.7358,24.34,92,31,0.61,CO,1691065547
244,morondava,-20.2833,44.2833,27.33,52,0,5.02,MG,1691065249
245,coracao de jesus,-16.6853,-44.365,23.52,41,0,1.41,BR,1691065549
246,baghlan,35.75,69.0,28.46,14,0,4.31,AF,1691065550
247,sola,-13.8833,167.55,23.34,89,100,7.63,VU,1691065551
248,el calafate,-50.3408,-72.2768,2.4,92,43,5.63,AR,1691065552
249,sona,45.4388,10.8255,31.98,51,40,1.03,IT,1691065496
250,tazovsky,67.4667,78.7,22.42,50,8,5.41,RU,1691065554
251,cestos city,5.46,-9.5828,26.36,80,98,5.48,LR,1691065557
252,wichita falls,33.9137,-98.4934,29.07,49,0,6.69,US,1691065558
253,lata,40.1629,-8.3327,27.49,44,11,4.17,PT,1691065559
254,richards bay,-28.783,32.0377,23.08,40,0,6.31,ZA,1691065560
255,kenai,60.5544,-151.2583,12.27,97,0,4.63,US,1691065561
256,rengasdengklok,-6.1592,107.2981,30.07,86,23,3.03,ID,1691065562
257,cumana,10.4635,-64.1775,27.32,73,44,1.9,VE,1691065564
258,usinsk,65.9939,57.5281,28.52,37,23,0.74,RU,1691065565
259,mount darwin,-16.7725,31.5838,23.73,25,1,3.22,ZW,1691065566
260,berber,18.0216,33.983,36.7,29,32,6.78,SD,1691065567
261,shchuchyn,53.6014,24.7465,24.66,57,89,7.62,BY,1691065568
262,scone,56.4194,-3.4051,20.16,72,98,2.68,GB,1691065570
263,ciudad bolivar,8.1222,-63.5497,26.59,81,63,3.03,VE,1691065571
264,podporozh'ye,60.9112,34.1706,27.11,44,100,3.4,RU,1691065572
265,mary,37.0,62.5,41.34,4,0,10.11,TM,1691065573
266,kavaratti,10.5669,72.642,28.12,78,98,7.28,IN,1691065574
267,bel ombre,-4.6167,55.4167,25.91,78,75,4.63,SC,1691065575
268,altai,46.3722,96.2583,20.46,34,33,2.2,MN,1691065576
269,katabu,-4.9333,122.5167,25.12,85,16,2.87,ID,1691065577
270,fale old settlement,-9.3852,-171.2468,28.31,74,67,6.81,TK,1691065578
271,ust-nera,64.5667,143.2,13.41,53,16,2.36,RU,1691065579
272,aykhal,66.0,111.5,7.06,77,100,4.89,RU,1691065580
273,tamanrasset,22.785,5.5228,35.95,15,20,5.14,DZ,1691065582
274,vilyuchinsk,52.9306,158.4028,12.15,82,74,2.33,RU,1691065583
275,wanning,18.8003,110.3967,28.19,79,82,6.7,CN,1691065584
276,nurota,40.5614,65.6886,36.97,9,0,8.73,UZ,1691065585
277,cuatro cienegas de carranza,26.9833,-102.0833,23.76,59,3,1.47,MX,1691065586
278,merritt island,28.5392,-80.672,30.05,78,0,2.57,US,1691065587
279,sougueur,35.1857,1.4961,32.07,14,0,5.14,DZ,1691065588
280,linjiang,41.8069,126.9078,23.99,90,65,1.95,CN,1691065589
281,north bend,43.4065,-124.2243,15.95,94,100,3.09,US,1691065590
282,kharkhorin,47.1975,102.8238,18.14,73,92,2.09,MN,1691065592
283,constantia,44.1833,28.65,31.5,58,0,6.3,RO,1691065593
284,axim,4.8699,-2.2405,26.56,68,90,4.03,GH,1691065594
285,porto franco,-6.3383,-47.3992,30.63,33,16,2.82,BR,1691065595
286,regen,48.9667,13.1333,22.72,59,68,5.05,DE,1691065596
287,huarmey,-10.0681,-78.1522,18.57,84,28,2.92,PE,1691065598
288,miramar,25.9873,-80.2323,29.43,88,0,3.09,US,1691065599
289,iskateley,67.6803,53.1512,27.83,42,1,2.52,RU,1691065600
290,turinsk,58.0458,63.696,23.94,59,67,3.29,RU,1691065601
291,glace bay,46.1969,-59.957,21.55,71,20,3.6,CA,1691065602
292,krasnomayskiy,57.6194,34.4099,27.29,48,88,4.44,RU,1691065603
293,clarence town,-32.5833,151.7833,14.97,95,0,1.93,AU,1691065604
294,port saint john's,-31.6229,29.5448,22.87,40,0,4.51,ZA,1691065606
295,sur,22.5667,59.5289,33.02,60,77,2.38,OM,1691065607
296,chulakkurgan,43.765,69.1814,35.01,14,0,4.76,KZ,1691065608
297,zhezqazghan,47.7833,67.7667,33.32,18,0,3.0,KZ,1691065610
298,gazli,40.1333,63.45,40.01,9,0,9.46,UZ,1691065610
299,opuwo,-18.0607,13.84,28.19,8,3,1.4,NA,1691065612
300,mutuali,-14.8706,37.0044,26.42,27,3,3.61,MZ,1691065613
301,tazacorte,28.629,-17.9293,27.54,61,75,7.72,ES,1691065614
302,hanceville,34.0607,-86.7675,24.95,82,84,1.62,US,1691065615
303,naifaru,5.4444,73.3657,28.42,73,70,4.78,MV,1691065616
304,escanaba,45.7453,-87.0646,20.7,100,0,4.63,US,1691065618
305,fort bragg,35.139,-79.006,21.78,78,100,1.54,US,1691065619
306,international falls,48.6011,-93.411,18.1,88,40,1.54,US,1691065619
307,kununurra,-15.7667,128.7333,21.99,53,1,0.0,AU,1691065621
308,codrington,-38.2667,141.9667,17.67,41,82,10.05,AU,1691065622
309,cidreira,-30.1811,-50.2056,17.4,93,34,4.37,BR,1691065623
310,kapa'a,22.0752,-159.319,27.18,83,40,6.17,US,1691065624
311,yatou,37.15,122.3833,25.61,92,12,3.65,CN,1691065625
312,khandyga,62.6667,135.6,14.62,70,6,1.78,RU,1691065626
313,barranca,-10.75,-77.7667,17.69,83,53,3.05,PE,1691065629
314,sydney,-33.8679,151.2073,15.2,81,0,3.69,AU,1691065541
315,hammerfest,70.6634,23.6821,23.25,56,40,4.63,NO,1691065631
316,gadzhiyevo,69.2551,33.3362,24.31,51,17,6.63,RU,1691065632
317,laojunmiao,39.8333,97.7333,27.7,21,4,5.49,CN,1691065633
318,saipan,15.1355,145.701,28.39,100,0,0.0,MP,1691065532
319,veraval,20.9,70.3667,27.27,85,100,9.14,IN,1691065636
320,benguela,-12.5763,13.4055,24.21,70,25,3.69,AO,1691065638
321,san antonio de pale,-1.4014,5.6325,22.2,75,38,1.93,GQ,1691065639
322,taoudenni,22.6783,-3.9836,48.01,5,39,2.8,ML,1691065639
323,port augusta,-32.5,137.7667,19.66,40,4,7.95,AU,1691065640
324,alta,69.9689,23.2717,22.59,56,40,6.17,NO,1691065641
325,brigantine,39.4101,-74.3646,23.33,78,44,0.89,US,1691065643
326,hotan,37.0997,79.9269,32.46,22,47,3.04,CN,1691065644
327,naliya,23.2667,68.8333,29.18,73,68,9.67,IN,1691065645
328,nova olinda do norte,-3.8881,-59.0942,26.44,73,88,0.16,BR,1691065647
329,hamilton,39.1834,-84.5333,22.72,87,100,0.0,US,1691065648
330,murree,33.9073,73.393,25.14,59,37,0.94,PK,1691065582
331,pacific grove,36.6177,-121.9166,14.49,88,100,2.57,US,1691065650
332,faribault,44.295,-93.2688,22.04,90,0,0.0,US,1691065651
333,san jose,37.3394,-121.895,15.11,82,0,6.71,US,1691065474
334,uturoa,-16.7333,-151.4333,25.99,75,7,6.26,PF,1691065653
335,bulan,12.6667,123.9333,27.09,88,99,3.45,PH,1691065655
336,kailua-kona,19.6406,-155.9956,25.98,84,75,2.57,US,1691065656
337,vilyuysk,63.7553,121.6247,17.06,70,97,3.85,RU,1691065657
338,atbasar,51.8,68.3333,29.16,35,20,5.34,KZ,1691065658
339,yanchep,-31.55,115.6833,10.9,67,17,2.25,AU,1691065660
340,labytnangi,66.6572,66.4183,27.12,46,4,5.72,RU,1691065456
341,kafue,-15.7691,28.1814,23.35,31,60,4.62,ZM,1691065662
342,obihiro,42.9172,143.2044,24.7,79,97,1.42,JP,1691065650
343,haiku-pauwela,20.9219,-156.3051,23.91,79,0,4.12,US,1691065665
344,dhrol,22.5667,70.4167,30.66,68,98,9.35,IN,1691065667
345,cheremukhovo,60.3484,59.9851,22.96,64,55,1.86,RU,1691065668
346,"laikit, laikit ii (dimembe)",1.4792,124.9735,26.47,74,40,2.06,ID,1691065668
347,alesund,62.4723,6.1549,19.51,72,40,4.12,NO,1691065669
348,qui nhon,13.7667,109.2333,29.55,72,100,2.4,VN,1691065670
349,filey,54.21,-0.2892,18.27,79,65,0.45,GB,1691065672
350,colonia menno,-22.3667,-59.8167,24.27,36,0,3.31,PY,1691065673
351,iquique,-20.2208,-70.1431,18.02,70,27,0.89,CL,1691065674
352,port blair,11.6667,92.75,29.02,79,40,5.66,IN,1691065675
353,nenjiang,49.1833,125.2167,18.95,66,100,2.45,CN,1691065676
354,ebon,4.582,168.6964,28.67,73,74,3.28,MH,1691065677
355,kariba,-16.5167,28.8,23.23,37,51,1.99,ZW,1691065678
356,vrangel',42.7297,133.0839,20.84,97,94,2.9,RU,1691065679
357,howrah,22.5892,88.3103,31.0,79,40,5.66,IN,1691065660
358,livingston,55.9029,-3.5226,19.56,70,40,2.06,GB,1691065681
359,ambon,-3.6954,128.1814,26.6,95,48,6.22,ID,1691065647
360,childress,34.4264,-100.204,27.73,50,0,4.63,US,1691065683
361,ashburton,-37.8626,145.0794,18.28,65,22,2.24,AU,1691065684
362,sao pedro do piaui,-5.9294,-42.7186,28.14,52,8,4.2,BR,1691065685
363,karratha,-20.7377,116.8463,22.28,76,18,3.0,AU,1691065686
364,zvezdnyy,57.7325,56.3147,26.33,63,52,1.3,RU,1691065687
365,palangkaraya,-2.2,113.8333,27.48,58,7,1.43,ID,1691065688
366,chonchi,-42.6128,-73.8092,3.4,91,75,0.71,CL,1691065691
367,miass,55.045,60.1083,25.22,47,91,2.24,RU,1691065692
368,fort st. john,56.2499,-120.8529,10.94,100,100,3.09,CA,1691065693
369,thunder bay,48.4001,-89.3168,17.99,88,20,2.57,CA,1691065695
370,zlocieniec,53.5329,16.0113,20.5,77,75,7.32,PL,1691065695
371,siwa oasis,29.2041,25.5195,39.62,15,0,2.37,EG,1691065696
372,saint-philbert-de-grand-lieu,47.0333,-1.6333,19.05,94,75,4.12,FR,1691065698
373,boldumsaz,42.1282,59.671,40.03,13,32,3.06,TM,1691065699
374,udangudi,8.4333,78.0167,35.1,42,6,8.47,IN,1691065700
375,novyy urgal,51.0736,132.5642,15.84,67,91,0.31,RU,1691065701
376,nadvoitsy,63.8667,34.3167,24.48,54,99,4.5,RU,1691065702
377,salym,60.0625,71.4789,21.6,84,99,2.75,RU,1691065703
378,lyskovo,56.0328,45.0422,27.11,55,10,2.18,RU,1691065704
379,amalapuram,16.5833,82.0167,28.63,76,95,3.17,IN,1691065705
380,brownwood,31.7093,-98.9912,26.0,71,0,3.09,US,1691065706
381,acarau,-2.8856,-40.12,28.84,59,6,7.64,BR,1691065708
382,flekkefjord,58.2971,6.6607,19.97,57,73,3.55,NO,1691065709
383,boden,65.8252,21.6886,19.0,77,96,4.98,SE,1691065710
384,edmundston,47.3737,-68.3251,15.42,91,0,3.09,CA,1691065711
385,kentau,43.5206,68.5094,36.78,10,0,6.3,KZ,1691065712
386,fundulea,44.4667,26.5167,35.06,26,0,2.29,RO,1691065713
387,marovoay,-16.1,46.6333,33.92,28,43,3.94,MG,1691065714
388,east london,-33.0153,27.9116,29.52,18,0,2.57,ZA,1691065715
389,placido de castro,-10.3353,-67.1856,24.37,54,2,0.46,BR,1691065716
390,lezoux,45.8269,3.3792,22.79,43,75,7.72,FR,1691065717
391,weno,7.4515,151.8468,28.62,75,23,1.98,FM,1691065718
392,san luis de la loma,17.2706,-100.8939,25.36,86,100,2.31,MX,1691065719
393,remire-montjoly,4.9167,-52.2667,28.02,78,75,2.06,GF,1691065720
394,hirado,33.3597,129.5531,30.22,78,19,0.91,JP,1691065603
395,laguna,38.421,-121.4238,16.76,78,0,3.09,US,1691065722
396,saskatoon,52.1168,-106.6345,17.31,53,40,4.12,CA,1691065724
397,wynyard,-41.0,145.7167,10.34,93,100,2.45,AU,1691065727
398,puerto deseado,-47.7503,-65.8938,5.83,51,67,11.3,AR,1691065728
399,betio village,1.358,172.9211,28.02,73,47,1.21,KI,1691065729
400,prince rupert,54.3161,-130.3201,12.83,100,100,2.06,CA,1691065730
401,bathsheba,13.2167,-59.5167,29.34,79,40,5.66,BB,1691065731
402,upata,8.0086,-62.3989,24.55,85,61,1.2,VE,1691065732
403,hoa binh,20.8133,105.3383,26.21,95,99,1.21,VN,1691065656
404,kibre mengist,5.8833,38.9833,16.96,83,100,1.67,ET,1691065734
405,nabire,-3.3667,135.4833,25.31,89,100,1.19,ID,1691065518
406,ar rutbah,33.0381,40.2848,38.65,8,0,6.04,IQ,1691065736
407,juticalpa,14.65,-86.2,25.08,96,84,0.48,HN,1691065738
408,mariental,-24.6333,17.9667,26.34,19,0,8.94,NA,1691065739
409,lady frere,-31.7031,27.2329,19.18,22,0,7.86,ZA,1691065740
410,as sulayyil,20.4607,45.5779,46.14,6,5,1.96,SA,1691065742
411,statesville,35.7826,-80.8873,21.57,66,100,2.06,US,1691065743
412,tweed heads,-28.1817,153.547,16.23,89,40,2.57,AU,1691065744
413,ulaangom,49.9811,92.0667,26.31,39,77,2.68,MN,1691065519
414,vadso,70.0744,29.7487,27.49,57,12,6.17,NO,1691065747
415,punta alta,-38.8759,-62.0736,5.04,51,4,4.0,AR,1691065748
416,palmer,42.1584,-72.3287,19.4,77,69,2.24,US,1691065750
417,mananjary,-21.2167,48.3333,21.08,84,96,6.59,MG,1691065751
418,bekalta,35.6174,10.9947,34.01,50,0,7.99,TN,1691065752
419,auki,-8.7676,160.7034,24.68,91,100,2.21,SB,1691065754
420,nayoro,44.3506,142.4578,22.83,97,100,2.6,JP,1691065755
421,zabid,14.1951,43.3152,39.55,26,48,10.37,YE,1691065756
422,corbelia,-24.7989,-53.3067,22.64,56,0,0.85,BR,1691065757
423,walvis bay,-22.9575,14.5053,16.53,67,0,4.12,NA,1691065758
424,rupert,42.6191,-113.6772,16.97,82,100,1.54,US,1691065759
425,nadym,65.5333,72.5167,30.33,37,2,6.9,RU,1691065760
426,puerto real,36.5282,-6.1901,29.07,60,0,5.66,ES,1691065761
427,ugoofaaru,5.6667,73.0,28.48,72,79,3.71,MV,1691065763
428,yuzhno-kurilsk,44.0306,145.8556,18.74,95,100,4.72,RU,1691065764
429,kolonia town,6.964,158.206,26.0,94,40,1.54,FM,1691065766
430,sinabang,2.4803,96.3801,27.2,80,82,1.46,ID,1691065767
431,kuraymah,18.55,31.85,38.49,29,35,6.66,SD,1691065768
432,santyoku,37.4406,129.1708,27.06,74,31,3.35,KR,1691065769
433,keflavik,64.0049,-22.5624,12.95,100,100,3.6,IS,1691065770
434,coahuayana de hidalgo,18.7,-103.6583,25.38,91,91,1.25,MX,1691065771
435,cobija,-11.0267,-68.7692,22.1,88,40,0.0,BO,1691065772
436,mzimba,-11.9,33.6,18.25,51,64,3.56,MW,1691065774
437,ulan bator,47.9077,106.8832,18.07,68,40,4.0,MN,1691065775
438,tromso,69.6496,18.957,21.01,49,40,6.17,NO,1691065776
439,isola di capo rizzuto,38.96,17.0933,32.41,45,0,6.17,IT,1691065777
440,uttarkashi,30.7333,78.45,27.61,84,67,1.55,IN,1691065778
441,manta,-0.95,-80.7333,23.89,83,75,3.58,EC,1691065779
442,smithers,54.7804,-127.1743,7.18,100,20,1.03,CA,1691065780
443,princeville,45.7668,-61.2985,21.2,74,0,1.54,CA,1691065781
444,muynoq,43.7683,59.0214,31.11,31,85,6.75,UZ,1691065782
445,nowshahr,36.649,51.496,29.97,74,75,2.06,IR,1691065783
446,qamdo,31.1667,97.2333,13.4,64,81,0.13,CN,1691065784
447,midvagur,62.0511,-7.1939,10.46,81,75,8.75,FO,1691065785
448,belmonte,-15.8631,-38.8828,23.85,66,4,0.95,BR,1691065786
449,arteche,12.2645,125.4048,27.39,79,96,2.04,PH,1691065787
450,tulun,54.5611,100.5792,20.21,83,99,1.63,RU,1691065781
451,naraina,26.7833,75.2,31.55,57,96,6.25,IN,1691065637
452,ephrata,40.1798,-76.1788,20.92,79,20,1.54,US,1691065790
453,monywa,22.1167,95.1333,32.42,58,100,4.41,MM,1691065791
454,novodvinsk,64.4165,40.8122,26.02,46,35,1.89,RU,1691065793
455,minas de marcona,-15.2119,-75.1103,10.88,89,63,2.79,PE,1691065796
456,gueckedou,8.6667,-10.25,25.8,79,100,2.07,GN,1691065797
457,kiuruvesi,63.65,26.6167,21.95,58,97,2.91,FI,1691065798
458,alofi,-19.0595,-169.9187,19.94,94,100,6.17,NU,1691065800
459,mogocha,53.7333,119.7667,13.76,65,100,1.98,RU,1691065801
460,beloyarskiy,63.7119,66.6722,30.32,36,46,4.04,RU,1691065694
461,mamuju,-2.6748,118.8885,26.88,86,54,1.33,ID,1691065803
462,cody,44.5263,-109.0565,18.11,71,75,2.06,US,1691065806
463,santiago de cao,-7.9589,-79.2392,18.07,88,20,2.06,PE,1691065807
464,balqash,46.8481,74.995,32.33,25,0,6.0,KZ,1691065808
465,mattoon,39.4831,-88.3728,20.69,94,0,0.0,US,1691065810
466,lagos,6.5833,3.75,27.22,73,100,3.7,NG,1691065807
467,kourou,5.1552,-52.6478,28.03,67,23,3.33,GF,1691065812
468,tual,-5.6667,132.75,26.77,83,18,8.08,ID,1691065813
469,vondrozo,-22.8167,47.2833,15.7,87,96,2.54,MG,1691065814
470,ancud,-41.8697,-73.8203,4.04,78,14,0.91,CL,1691065815
471,mermoz boabab,14.7065,-17.4758,31.31,66,40,1.03,SN,1691065816
472,konarka,19.9,86.1167,29.22,75,100,5.78,IN,1691065818
473,palestine,31.9216,35.2033,29.62,53,0,6.81,PS,1691065819
474,san pedro pochutla,15.7333,-96.4667,23.17,90,100,2.66,MX,1691065820
475,hithadhoo,-0.6,73.0833,28.18,71,98,3.06,MV,1691065821
476,champerico,14.3,-91.9167,26.3,77,87,2.69,GT,1691065822
477,maceio,-9.6658,-35.7353,25.69,83,75,2.06,BR,1691065823
478,namibe,-15.1961,12.1522,21.41,72,20,4.19,AO,1691065824
479,marsabit,2.3284,37.9899,24.99,38,100,10.28,KE,1691065825
480,borzya,50.3833,116.5167,14.05,74,100,3.36,RU,1691065827
481,pisco,-13.7,-76.2167,19.03,72,100,1.54,PE,1691065828
482,notodden,59.5594,9.2585,23.75,54,20,0.86,NO,1691065829
483,giaveno,45.047,7.3492,29.1,58,1,3.12,IT,1691065728
484,sant carles de la rapita,40.6167,0.6,31.32,38,7,4.36,ES,1691065831
485,jacobabad,28.281,68.4388,42.66,27,51,4.15,PK,1691065833
486,sao vicente,-23.9631,-46.3919,27.93,49,0,1.03,BR,1691065835
487,petropavlovka,50.6114,105.3196,16.48,92,42,1.27,RU,1691065837
488,hami,42.8,93.45,35.62,12,0,1.92,CN,1691065838
489,kayangel,8.0823,134.7173,26.65,82,100,2.81,PW,1691065839
490,vuktyl,63.8567,57.3094,20.41,84,100,4.14,RU,1691065840
491,gamboma,-1.8764,15.8644,37.56,25,68,1.3,CG,1691065842
492,ciudad madero,22.2667,-97.8333,27.11,89,0,0.0,MX,1691065843
493,korsholm,63.1142,21.6822,21.8,83,40,2.06,FI,1691065844
494,yelizavetinskaya,45.0445,38.7958,32.27,46,87,3.23,RU,1691065845
495,kauhajoki,62.4333,22.1833,18.99,75,100,1.79,FI,1691065846
496,takoradi,4.8845,-1.7554,25.91,73,81,4.65,GH,1691065847
497,umluj,25.0213,37.2685,33.88,53,0,4.93,SA,1691065794
498,kerikeri,-35.2268,173.9474,3.84,89,7,1.77,NZ,1691065850
499,santo antonio,-6.3106,-35.4789,29.09,53,48,7.88,BR,1691065851
500,santana,-0.0583,-51.1817,30.1,79,40,3.03,BR,1691065852
501,mehran,33.1222,46.1646,44.63,5,0,11.01,IR,1691065853
502,nguigmi,14.2495,13.1092,35.56,37,98,3.65,NE,1691065854
503,xinglongshan,43.9561,125.4661,28.86,74,75,4.0,CN,1691065855
504,jiguani,20.3667,-76.4272,23.88,80,88,1.7,CU,1691065856
505,nadi,-17.8,177.4167,22.0,78,75,3.6,FJ,1691065858
506,zhanaozen,43.3,52.8,39.06,18,8,1.02,KZ,1691065860
507,fortuna,40.5982,-124.1573,14.25,97,100,0.0,US,1691065861
508,luderitz,-26.6481,15.1594,20.52,35,95,5.92,NA,1691065862
509,neelankarai,12.9455,80.2575,36.03,49,40,3.09,IN,1691065864
510,ouesso,1.6136,16.0517,22.42,96,100,1.12,CG,1691065865
511,holualoa,19.6228,-155.9522,23.91,84,75,2.57,US,1691065866
512,nikolayevsk-on-amure,53.1406,140.73,10.4,91,61,1.34,RU,1691065867
513,gaspe,48.8334,-64.4819,16.95,72,20,1.54,CA,1691065868
514,valderice,38.0401,12.6151,35.16,38,0,3.09,IT,1691065869
515,ocos,14.5094,-92.1933,24.1,77,97,2.85,GT,1691065871
516,itaituba,-4.2761,-55.9836,28.09,83,75,0.0,BR,1691065872
517,dromore,54.5167,-7.4667,15.55,77,96,5.72,GB,1691065873
518,shizunai-furukawacho,42.3339,142.3669,22.31,94,76,3.44,JP,1691065875
519,turpan,42.9333,89.1667,40.3,15,100,7.48,CN,1691065876
520,alghero,40.5589,8.3181,30.05,66,20,5.66,IT,1691065877
521,fonte boa,-2.4959,-66.2662,25.77,85,100,0.77,BR,1691065878
522,irymple,-34.25,142.1667,14.49,57,30,0.45,AU,1691065879
523,mapastepec,15.4333,-92.9,25.96,80,100,1.43,MX,1691065881
524,al burayqah,30.4062,19.5739,30.1,56,0,4.82,LY,1691065882
525,jiwani,25.05,61.7417,28.34,81,38,5.55,PK,1691065883
526,puerto san jose,13.9256,-90.8244,26.01,77,100,2.09,GT,1691065884
527,bandarbeyla,9.4942,50.8122,31.76,46,55,12.06,SO,1691065885
528,kirakira,-10.4544,161.9205,25.06,91,45,4.28,SB,1691065886
529,hendersonville,36.3048,-86.62,23.77,96,100,3.54,US,1691065887
530,kerema,-7.9631,145.7785,24.91,87,94,5.51,PG,1691065888
531,kargopol',61.5071,38.9456,24.87,48,100,2.61,RU,1691065890
532,chui,-33.6971,-53.4616,10.82,63,98,4.8,UY,1691065861
533,vizinga,61.0749,50.1031,23.96,61,100,1.31,RU,1691065891
534,thurso,58.5927,-3.5259,14.14,92,100,6.69,GB,1691065892
535,afif,23.9065,42.9172,41.64,7,3,5.57,SA,1691065894
536,general acha,-37.377,-64.6043,7.22,42,23,4.1,AR,1691065895
537,poronaysk,49.2167,143.1167,13.48,92,100,0.99,RU,1691065896
538,zahedan,29.4963,60.8629,37.95,10,0,3.09,IR,1691065897
539,trondheim,63.4305,10.3951,19.99,69,30,3.03,NO,1691065898
540,altamont,42.2068,-121.7372,13.32,79,0,0.45,US,1691065899
541,nuuk,64.1835,-51.7216,9.34,87,75,3.6,GL,1691065900
542,bamboo flat,11.7,92.7167,29.05,79,40,5.66,IN,1691065901
543,ingeniero jacobacci,-41.3427,-69.5448,0.28,52,1,2.38,AR,1691065902
544,freetown,8.484,-13.2299,24.84,94,75,6.17,SL,1691065903
545,wisconsin rapids,44.3836,-89.8174,21.83,96,0,2.06,US,1691065904
546,pariaman,-0.619,100.12,29.03,81,100,1.58,ID,1691065905
547,igarka,67.4667,86.5833,23.26,52,56,3.44,RU,1691065906
548,kaa-khem,51.6833,94.7333,25.04,44,3,0.36,RU,1691065907
549,cabo san lucas,22.8909,-109.9124,30.84,55,56,4.57,MX,1691065908
550,warangal,18.0,79.5833,27.21,75,100,5.07,IN,1691065772
551,aibak,36.2647,68.0155,35.25,14,0,4.35,AF,1691065910
552,la cruz,23.9167,-106.9,27.07,83,23,1.31,MX,1691065911
553,mersing,2.4312,103.8405,25.95,89,40,2.06,MY,1691065812
554,preobrazheniye,42.9019,133.9064,18.64,98,100,4.07,RU,1691065913
555,urangan,-25.3,152.9,19.06,64,6,6.56,AU,1691065914
556,klamath falls,42.2249,-121.7817,13.36,79,0,0.45,US,1691065915
557,quellon,-43.1167,-73.6167,4.14,93,0,0.0,CL,1691065916
558,namanga,-2.5433,36.7905,19.81,60,100,4.19,KE,1691065917
559,napa,38.4832,-122.3344,13.09,80,3,1.29,US,1691065918
560,tosontsengel,48.7567,98.2839,15.04,75,0,0.76,MN,1691065919
561,mabaruma,8.2,-59.7833,27.06,90,99,0.69,GY,1691065920
562,port isabel,26.0734,-97.2086,27.81,90,0,1.54,US,1691065921
563,zhumysker,49.3333,49.4,32.44,25,100,5.59,KZ,1691065922
564,tucumcari,35.1717,-103.725,17.91,63,0,3.6,US,1691065923
565,tomatlan,19.9333,-105.25,24.08,95,6,1.52,MX,1691065924
566,ulsteinvik,62.3432,5.8487,19.5,87,80,4.17,NO,1691065925
567,baruun-urt,46.6806,113.2792,15.75,85,100,5.0,MN,1691065927
